"0","newcor<-cor(mtcars[,1:4],mtcars[,1:4])"
"0","newcor"
"1","    "
"1","        mpg"
"1","        cyl"
"1","       disp"
"1","         hp"
"1","
mpg "
"1","  1.0000000"
"1"," -0.8521620"
"1"," -0.8475514"
"1"," -0.7761684"
"1","
cyl "
"1"," -0.8521620"
"1","  1.0000000"
"1","  0.9020329"
"1","  0.8324475"
"1","
disp"
"1"," -0.8475514"
"1","  0.9020329"
"1","  1.0000000"
"1","  0.7909486"
"1","
hp  "
"1"," -0.7761684"
"1","  0.8324475"
"1","  0.7909486"
"1","  1.0000000"
"1","
"
